age,tenure,monthly_charges,num_products,support_calls,churn,charge_per_tenure,support_intensity,is_high_value
22,58,26.21,2,1,0,0.4442372881355932,0.01694915254237288,0
58,53,65.83,4,0,0,1.219074074074074,0.0,0
52,40,32.9,1,6,1,0.8024390243902438,0.14634146341463414,0
40,63,35.23,2,6,0,0.55046875,0.09375,0
40,10,83.23,4,7,1,7.566363636363636,0.6363636363636364,1
62,66,59.29,4,9,0,0.8849253731343284,0.13432835820895522,0
22,61,112.19,2,4,1,1.8095161290322581,0.06451612903225806,1
54,36,51.92,3,8,1,1.4032432432432433,0.21621621621621623,0
28,53,92.62,1,7,1,1.7151851851851854,0.12962962962962962,1
22,37,66.11,1,2,0,1.7397368421052632,0.05263157894736842,0
45,20,86.0,2,8,1,4.095238095238095,0.38095238095238093,1
68,57,79.97,4,0,0,1.3787931034482759,0.0,1
56,18,67.28,3,5,1,3.5410526315789475,0.2631578947368421,0
57,23,115.01,2,9,1,4.792083333333333,0.375,1
55,37,54.27,2,6,1,1.4281578947368423,0.15789473684210525,0
58,60,37.72,1,9,1,0.6183606557377049,0.14754098360655737,0
44,28,87.81,2,0,0,3.0279310344827586,0.0,1
24,36,104.6,1,5,1,2.827027027027027,0.13513513513513514,1
61,3,24.03,1,7,0,6.0075,1.75,0
41,9,64.96,3,6,1,6.4959999999999996,0.6,0
44,4,109.25,1,8,1,21.85,1.6,1
37,6,94.96,1,4,1,13.565714285714284,0.5714285714285714,1
27,62,119.18,3,6,1,1.891746031746032,0.09523809523809523,1
66,60,73.14,2,4,1,1.199016393442623,0.06557377049180328,1
58,59,86.0,2,8,1,1.4333333333333333,0.13333333333333333,1
51,4,50.25,1,1,1,10.05,0.2,0
38,6,114.75,1,2,1,16.392857142857142,0.2857142857142857,1
60,20,56.63,2,0,0,2.6966666666666668,0.0,0
46,41,93.85,3,7,1,2.2345238095238096,0.16666666666666666,1
41,24,60.31,2,2,1,2.4124,0.08,0
41,35,76.18,3,3,0,2.1161111111111115,0.08333333333333333,1
29,13,91.98,3,8,1,6.57,0.5714285714285714,1
22,52,70.89,2,3,0,1.3375471698113208,0.05660377358490566,1
46,23,110.71,2,1,1,4.612916666666666,0.041666666666666664,1
64,5,61.93,2,0,0,10.321666666666667,0.0,0
21,53,84.71,1,2,0,1.5687037037037035,0.037037037037037035,1
62,65,54.24,3,9,0,0.8218181818181819,0.13636363636363635,0
61,2,69.43,3,5,1,23.143333333333334,1.6666666666666667,0
32,32,64.01,2,9,1,1.93969696969697,0.2727272727272727,0
50,59,32.58,2,2,0,0.5429999999999999,0.03333333333333333,0
26,51,29.17,2,3,0,0.5609615384615385,0.057692307692307696,0
57,61,86.75,3,1,0,1.3991935483870968,0.016129032258064516,1
54,30,85.55,4,3,0,2.759677419354839,0.0967741935483871,1
36,27,86.29,1,5,1,3.0817857142857146,0.17857142857142858,1
21,51,21.98,2,8,0,0.4226923076923077,0.15384615384615385,0
68,11,52.65,1,3,0,4.3875,0.25,0
41,17,39.78,2,7,1,2.21,0.3888888888888889,0
64,43,97.82,1,6,1,2.223181818181818,0.13636363636363635,1
53,48,106.06,2,2,0,2.1644897959183673,0.04081632653061224,1
58,9,44.67,2,9,1,4.4670000000000005,0.9,0
57,37,86.78,2,4,1,2.283684210526316,0.10526315789473684,1
28,26,32.94,2,1,0,1.22,0.037037037037037035,0
36,36,47.52,4,9,1,1.2843243243243243,0.24324324324324326,0
42,69,33.87,4,9,0,0.4838571428571428,0.12857142857142856,0
43,6,48.35,1,0,0,6.9071428571428575,0.0,0
20,71,87.47,2,9,1,1.2148611111111112,0.125,1
46,32,111.03,4,9,1,3.3645454545454547,0.2727272727272727,1
26,55,40.25,3,8,1,0.71875,0.14285714285714285,0
56,31,74.21,1,2,0,2.3190625,0.0625,1
53,23,90.14,3,6,1,3.7558333333333334,0.25,1
65,55,115.29,1,5,1,2.0587500000000003,0.08928571428571429,1
56,49,81.01,1,6,1,1.6202,0.12,1
37,11,45.51,3,6,0,3.7925,0.5,0
68,51,82.55,3,6,1,1.5875,0.11538461538461539,1
39,54,52.05,4,5,0,0.9463636363636363,0.09090909090909091,0
34,28,117.61,2,6,1,4.05551724137931,0.20689655172413793,1
65,66,59.97,4,5,0,0.8950746268656716,0.07462686567164178,0
37,46,88.54,2,0,0,1.8838297872340426,0.0,1
21,24,22.32,3,0,0,0.8928,0.0,0
42,1,60.01,1,9,1,30.005,4.5,0
59,48,69.43,1,9,1,1.4169387755102043,0.1836734693877551,0
27,15,81.02,4,5,1,5.06375,0.3125,1
42,54,64.39,4,1,0,1.1707272727272728,0.01818181818181818,0
24,38,113.59,4,7,1,2.9125641025641027,0.1794871794871795,1
53,34,105.4,2,1,0,3.0114285714285716,0.02857142857142857,1
42,12,52.22,1,3,0,4.016923076923077,0.23076923076923078,0
35,51,74.45,4,3,0,1.4317307692307693,0.057692307692307696,1
29,12,68.98,3,0,0,5.306153846153847,0.0,0
47,30,83.22,1,8,1,2.684516129032258,0.25806451612903225,1
52,60,53.41,4,5,0,0.8755737704918032,0.08196721311475409,0
66,66,44.42,4,3,0,0.6629850746268657,0.04477611940298507,0
40,71,111.27,2,5,0,1.5454166666666667,0.06944444444444445,1
26,69,112.39,4,0,0,1.6055714285714286,0.0,1
61,40,104.33,4,4,1,2.5446341463414632,0.0975609756097561,1
50,15,117.82,3,5,1,7.36375,0.3125,1
54,60,94.5,3,3,1,1.5491803278688525,0.04918032786885246,1
23,57,96.47,2,8,1,1.6632758620689656,0.13793103448275862,1
34,71,96.26,4,2,0,1.3369444444444445,0.027777777777777776,1
57,47,68.06,4,1,0,1.4179166666666667,0.020833333333333332,0
61,11,65.65,4,5,1,5.470833333333334,0.4166666666666667,0
40,36,44.02,3,8,0,1.1897297297297298,0.21621621621621623,0
59,32,84.48,1,3,1,2.56,0.09090909090909091,1
61,60,48.93,2,0,0,0.8021311475409836,0.0,0
38,28,45.78,2,9,1,1.5786206896551724,0.3103448275862069,0
64,24,78.6,4,4,0,3.1439999999999997,0.16,1
32,6,61.0,3,1,0,8.714285714285714,0.14285714285714285,0
30,60,41.89,3,6,0,0.6867213114754098,0.09836065573770492,0
53,54,101.61,1,3,1,1.8474545454545455,0.05454545454545454,1
51,3,106.06,4,9,1,26.515,2.25,1
25,31,36.77,2,2,0,1.1490625,0.0625,0
61,35,20.75,1,5,0,0.5763888888888888,0.1388888888888889,0
28,34,53.61,4,5,1,1.5317142857142858,0.14285714285714285,0
59,66,99.75,1,2,0,1.4888059701492538,0.029850746268656716,1
18,11,103.92,1,4,1,8.66,0.3333333333333333,1
59,22,33.83,1,1,0,1.4708695652173913,0.043478260869565216,0
58,13,97.43,2,6,1,6.9592857142857145,0.42857142857142855,1
58,18,31.57,1,7,1,1.661578947368421,0.3684210526315789,0
52,65,59.01,4,9,1,0.894090909090909,0.13636363636363635,0
42,67,119.86,3,3,1,1.7626470588235295,0.04411764705882353,1
54,4,39.26,2,2,0,7.851999999999999,0.4,0
32,45,35.4,1,5,0,0.7695652173913043,0.10869565217391304,0
58,17,62.28,2,6,1,3.46,0.3333333333333333,0
46,14,81.97,1,9,1,5.464666666666667,0.6,1
41,21,113.29,4,0,1,5.149545454545454,0.0,1
44,14,118.08,2,2,1,7.872,0.13333333333333333,1
47,35,26.96,2,2,0,0.7488888888888889,0.05555555555555555,0
19,71,33.8,1,2,0,0.4694444444444444,0.027777777777777776,0
25,42,99.07,1,4,1,2.303953488372093,0.09302325581395349,1
30,52,47.06,1,8,0,0.8879245283018868,0.1509433962264151,0
23,36,108.48,1,0,0,2.931891891891892,0.0,1
40,1,86.35,3,8,1,43.175,4.0,1
52,6,31.18,4,6,1,4.454285714285715,0.8571428571428571,0
52,20,103.25,4,6,1,4.916666666666667,0.2857142857142857,1
42,18,37.64,2,6,1,1.9810526315789474,0.3157894736842105,0
62,60,62.35,4,1,0,1.0221311475409836,0.01639344262295082,0
47,60,75.22,3,7,0,1.2331147540983607,0.11475409836065574,1
22,61,70.08,1,2,0,1.1303225806451613,0.03225806451612903,1
57,46,88.62,1,5,1,1.8855319148936172,0.10638297872340426,1
47,40,85.27,3,6,1,2.0797560975609755,0.14634146341463414,1
51,47,119.2,2,6,1,2.4833333333333334,0.125,1
47,29,119.94,1,3,1,3.9979999999999998,0.1,1
46,48,71.65,4,3,0,1.4622448979591838,0.061224489795918366,1
22,57,29.52,3,4,0,0.5089655172413793,0.06896551724137931,0
47,55,92.78,3,0,0,1.6567857142857143,0.0,1
59,44,117.67,4,7,1,2.614888888888889,0.15555555555555556,1
33,5,51.83,4,0,0,8.638333333333334,0.0,0
49,52,66.12,4,4,0,1.2475471698113207,0.07547169811320754,0
19,27,62.48,2,6,1,2.2314285714285713,0.21428571428571427,0
36,53,25.14,4,0,0,0.46555555555555556,0.0,0
40,39,87.23,3,9,1,2.18075,0.225,1
69,63,55.33,3,3,0,0.86453125,0.046875,0
29,25,98.75,4,0,0,3.798076923076923,0.0,1
32,67,103.21,1,6,0,1.5177941176470586,0.08823529411764706,1
39,60,102.12,2,5,1,1.6740983606557378,0.08196721311475409,1
69,24,61.67,1,6,1,2.4668,0.24,0
62,35,52.15,2,7,0,1.448611111111111,0.19444444444444445,0
19,38,94.88,2,4,0,2.4328205128205127,0.10256410256410256,1
30,55,100.14,4,8,1,1.7882142857142858,0.14285714285714285,1
60,49,69.13,4,3,0,1.3825999999999998,0.06,0
21,61,109.3,2,5,1,1.7629032258064516,0.08064516129032258,1
62,27,69.43,2,1,0,2.4796428571428573,0.03571428571428571,0
32,36,107.91,3,6,1,2.9164864864864866,0.16216216216216217,1
65,31,29.61,4,2,0,0.9253125,0.0625,0
33,65,35.35,4,6,0,0.5356060606060606,0.09090909090909091,0
40,22,73.38,1,8,1,3.1904347826086954,0.34782608695652173,1
52,42,26.75,1,8,0,0.622093023255814,0.18604651162790697,0
24,9,25.28,3,9,1,2.528,0.9,0
46,61,20.05,2,1,0,0.3233870967741936,0.016129032258064516,0
44,28,63.63,1,1,0,2.194137931034483,0.034482758620689655,0
58,25,97.46,1,9,1,3.7484615384615383,0.34615384615384615,1
69,42,23.48,2,3,0,0.546046511627907,0.06976744186046512,0
52,36,85.23,2,0,0,2.3035135135135136,0.0,1
39,61,102.31,3,2,1,1.6501612903225806,0.03225806451612903,1
39,38,36.8,1,8,1,0.9435897435897436,0.20512820512820512,0
39,37,34.69,3,3,0,0.9128947368421052,0.07894736842105263,0
60,8,106.08,3,0,0,11.786666666666667,0.0,1
34,2,102.31,2,7,1,34.10333333333333,2.3333333333333335,1
26,29,73.89,1,1,0,2.463,0.03333333333333333,1
35,71,101.92,3,3,0,1.4155555555555557,0.041666666666666664,1
19,66,29.28,3,0,0,0.43701492537313436,0.0,0
23,45,59.45,2,6,1,1.2923913043478261,0.13043478260869565,0
22,45,93.78,2,4,1,2.0386956521739132,0.08695652173913043,1
58,28,45.75,3,8,1,1.5775862068965518,0.27586206896551724,0
55,13,95.23,2,3,1,6.802142857142857,0.21428571428571427,1
54,1,70.42,2,2,1,35.21,1.0,1
42,25,95.03,2,1,1,3.6550000000000002,0.038461538461538464,1
55,23,66.47,2,2,0,2.7695833333333333,0.08333333333333333,0
26,14,56.79,3,4,1,3.786,0.26666666666666666,0
64,19,69.43,2,0,0,3.4715000000000003,0.0,0
44,2,40.84,2,4,1,13.613333333333335,1.3333333333333333,0
66,44,95.15,3,8,1,2.1144444444444446,0.17777777777777778,1
25,66,31.89,2,7,0,0.4759701492537314,0.1044776119402985,0
43,50,28.6,1,6,0,0.5607843137254902,0.11764705882352941,0
54,32,37.63,4,8,1,1.1403030303030304,0.24242424242424243,0
43,30,37.53,1,7,1,1.2106451612903226,0.22580645161290322,0
41,22,102.31,3,6,1,4.4482608695652175,0.2608695652173913,1
26,11,59.85,2,8,1,4.9875,0.6666666666666666,0
37,43,119.04,1,1,0,2.7054545454545456,0.022727272727272728,1
30,41,33.72,1,8,0,0.8028571428571428,0.19047619047619047,0
33,1,85.35,4,2,1,42.675,1.0,1
53,30,64.87,2,7,1,2.0925806451612905,0.22580645161290322,0
50,20,69.43,2,9,1,3.3061904761904763,0.42857142857142855,0
49,13,107.51,3,4,1,7.679285714285714,0.2857142857142857,1
36,50,117.56,1,0,1,2.3050980392156863,0.0,1
67,38,107.29,3,3,1,2.7510256410256413,0.07692307692307693,1
22,45,39.23,2,4,0,0.8528260869565216,0.08695652173913043,0
35,51,42.08,3,9,0,0.8092307692307692,0.17307692307692307,0
24,70,85.61,1,9,1,1.205774647887324,0.1267605633802817,1
35,57,48.91,4,5,0,0.8432758620689654,0.08620689655172414,0
68,45,93.47,1,9,1,2.03195652173913,0.1956521739130435,1
37,63,76.64,3,4,0,1.1975,0.0625,1
65,34,75.09,3,4,1,2.1454285714285715,0.11428571428571428,1
43,70,102.85,2,8,1,1.4485915492957746,0.11267605633802817,1
54,55,91.05,1,6,1,1.625892857142857,0.10714285714285714,1
41,47,22.66,2,5,0,0.47208333333333335,0.10416666666666667,0
31,65,24.95,4,4,0,0.378030303030303,0.06060606060606061,0
57,37,69.43,4,7,1,1.827105263157895,0.18421052631578946,0
68,52,68.62,4,7,0,1.2947169811320756,0.1320754716981132,0
31,21,46.02,1,4,0,2.091818181818182,0.18181818181818182,0
58,69,61.87,3,0,0,0.8838571428571428,0.0,0
31,45,95.79,1,1,0,2.0823913043478264,0.021739130434782608,1
55,56,102.66,3,1,0,1.8010526315789472,0.017543859649122806,1
59,33,76.12,2,4,1,2.2388235294117647,0.11764705882352941,1
41,62,58.54,3,6,0,0.9292063492063491,0.09523809523809523,0
56,6,47.07,3,8,1,6.724285714285714,1.1428571428571428,0
32,9,72.19,4,2,0,7.218999999999999,0.2,1
22,37,51.47,2,7,1,1.3544736842105263,0.18421052631578946,0
23,53,69.43,2,6,0,1.2857407407407409,0.1111111111111111,0
41,58,87.67,3,0,0,1.4859322033898306,0.0,1
64,32,26.61,1,3,0,0.8063636363636364,0.09090909090909091,0
24,47,20.11,1,3,0,0.4189583333333333,0.0625,0
41,40,41.23,3,8,0,1.005609756097561,0.1951219512195122,0
54,69,109.45,4,9,1,1.5635714285714286,0.12857142857142856,1
28,47,84.63,3,8,1,1.7631249999999998,0.16666666666666666,1
55,30,37.2,4,5,0,1.2000000000000002,0.16129032258064516,0
33,69,109.03,1,4,1,1.5575714285714286,0.05714285714285714,1
60,8,67.0,2,3,1,7.444444444444445,0.3333333333333333,0
48,70,67.61,3,7,0,0.9522535211267605,0.09859154929577464,0
46,11,113.55,2,0,1,9.4625,0.0,1
27,21,25.95,1,2,0,1.1795454545454545,0.09090909090909091,0
42,59,41.52,1,1,0,0.6920000000000001,0.016666666666666666,0
62,53,78.58,4,4,0,1.4551851851851851,0.07407407407407407,1
19,69,39.55,3,2,0,0.565,0.02857142857142857,0
57,54,87.95,2,1,0,1.5990909090909091,0.01818181818181818,1
43,46,41.41,2,3,0,0.881063829787234,0.06382978723404255,0
55,25,29.92,1,8,0,1.1507692307692308,0.3076923076923077,0
52,1,40.7,4,5,1,20.35,2.5,0
40,9,62.27,1,8,1,6.227,0.8,0
34,22,37.61,4,9,1,1.6352173913043477,0.391304347826087,0
50,3,33.47,1,9,1,8.3675,2.25,0
25,37,106.03,2,3,1,2.790263157894737,0.07894736842105263,1
48,56,52.04,2,8,1,0.9129824561403509,0.14035087719298245,0
22,69,56.08,4,9,1,0.8011428571428572,0.12857142857142856,0
51,35,25.53,1,9,1,0.7091666666666667,0.25,0
50,63,55.74,2,3,0,0.8709375,0.046875,0
22,70,46.48,2,2,0,0.6546478873239436,0.028169014084507043,0
57,62,81.05,2,5,1,1.2865079365079364,0.07936507936507936,1
39,34,40.54,1,9,0,1.1582857142857144,0.2571428571428571,0
58,24,108.84,4,9,1,4.3536,0.36,1
20,70,112.97,2,5,1,1.5911267605633803,0.07042253521126761,1
27,18,29.98,2,1,0,1.5778947368421052,0.05263157894736842,0
43,30,30.74,2,4,0,0.9916129032258064,0.12903225806451613,0
27,6,31.53,4,7,1,4.5042857142857144,1.0,0
35,57,81.96,2,5,1,1.413103448275862,0.08620689655172414,1
52,47,32.2,2,3,0,0.6708333333333334,0.0625,0
25,7,105.24,2,3,1,13.155,0.375,1
53,16,95.43,2,0,0,5.6135294117647065,0.0,1
23,40,101.98,1,2,0,2.4873170731707317,0.04878048780487805,1
27,39,72.61,3,6,1,1.81525,0.15,1
48,57,119.67,1,2,0,2.0632758620689655,0.034482758620689655,1
59,19,24.42,1,9,1,1.221,0.45,0
26,66,60.13,1,0,0,0.8974626865671642,0.0,0
33,32,52.39,2,5,0,1.5875757575757576,0.15151515151515152,0
66,59,114.86,4,4,1,1.9143333333333332,0.06666666666666667,1
69,17,77.69,3,8,1,4.316111111111111,0.4444444444444444,1
48,3,100.62,4,8,1,25.155,2.0,1
41,4,37.03,2,5,1,7.406000000000001,1.0,0
36,27,117.86,4,6,1,4.2092857142857145,0.21428571428571427,1
49,68,69.86,1,6,1,1.012463768115942,0.08695652173913043,1
48,4,69.37,3,5,1,13.874,1.0,0
33,27,117.09,4,1,1,4.181785714285715,0.03571428571428571,1
19,8,58.07,3,4,1,6.452222222222222,0.4444444444444444,0
25,67,59.75,4,2,0,0.8786764705882353,0.029411764705882353,0
67,48,78.48,2,4,1,1.6016326530612246,0.08163265306122448,1
39,55,32.81,1,6,0,0.5858928571428572,0.10714285714285714,0
43,51,52.11,4,2,0,1.0021153846153845,0.038461538461538464,0
42,47,39.32,1,2,0,0.8191666666666667,0.041666666666666664,0
58,55,30.33,4,8,1,0.5416071428571428,0.14285714285714285,0
21,1,106.61,3,3,1,53.305,1.5,1
22,62,78.93,4,1,0,1.252857142857143,0.015873015873015872,1
32,53,55.87,2,7,0,1.0346296296296296,0.12962962962962962,0
43,53,60.87,4,7,0,1.1272222222222221,0.12962962962962962,0
52,28,63.15,1,8,1,2.1775862068965517,0.27586206896551724,0
43,57,83.31,2,7,0,1.4363793103448277,0.1206896551724138,1
40,28,112.68,1,9,1,3.8855172413793104,0.3103448275862069,1
66,4,113.28,4,5,1,22.656,1.0,1
26,65,59.15,3,2,0,0.8962121212121212,0.030303030303030304,0
47,17,52.93,4,8,1,2.9405555555555556,0.4444444444444444,0
46,8,65.1,4,2,1,7.2333333333333325,0.2222222222222222,0
42,45,76.79,2,2,0,1.6693478260869568,0.043478260869565216,1
59,17,66.18,1,8,1,3.676666666666667,0.4444444444444444,0
31,61,85.88,4,8,0,1.3851612903225805,0.12903225806451613,1
67,32,75.44,2,3,0,2.286060606060606,0.09090909090909091,1
35,1,52.07,1,7,1,26.035,3.5,0
46,68,54.57,4,9,1,0.7908695652173913,0.13043478260869565,0
45,37,57.86,4,7,1,1.5226315789473683,0.18421052631578946,0
62,19,29.46,2,0,0,1.473,0.0,0
40,49,36.61,4,6,0,0.7322,0.12,0
32,38,92.31,1,1,0,2.366923076923077,0.02564102564102564,1
19,3,69.43,1,8,1,17.3575,2.0,0
36,54,41.45,2,0,0,0.7536363636363637,0.0,0
60,29,76.27,3,9,1,2.542333333333333,0.3,1
18,50,95.55,1,1,1,1.8735294117647059,0.0196078431372549,1
64,64,45.74,1,4,0,0.7036923076923077,0.06153846153846154,0
46,44,102.68,3,2,0,2.281777777777778,0.044444444444444446,1
25,48,112.75,4,8,1,2.3010204081632653,0.16326530612244897,1
33,19,79.74,3,3,1,3.9869999999999997,0.15,1
46,17,69.43,4,7,1,3.8572222222222226,0.3888888888888889,0
34,30,25.26,4,0,0,0.8148387096774194,0.0,0
23,61,114.55,3,4,1,1.8475806451612902,0.06451612903225806,1
52,38,59.25,3,9,1,1.5192307692307692,0.23076923076923078,0
52,25,112.39,4,9,1,4.322692307692308,0.34615384615384615,1
24,56,77.9,2,2,0,1.3666666666666667,0.03508771929824561,1
32,61,20.46,1,3,0,0.33,0.04838709677419355,0
30,65,23.85,4,4,0,0.3613636363636364,0.06060606060606061,0
52,22,88.04,2,5,1,3.827826086956522,0.21739130434782608,1
55,51,76.27,4,5,1,1.4667307692307692,0.09615384615384616,1
55,42,22.65,2,1,0,0.5267441860465116,0.023255813953488372,0
66,32,94.35,4,7,1,2.859090909090909,0.21212121212121213,1
57,29,105.21,1,2,1,3.5069999999999997,0.06666666666666667,1
34,9,69.43,3,3,1,6.9430000000000005,0.3,0
23,20,66.58,2,8,1,3.1704761904761902,0.38095238095238093,0
49,40,20.55,2,6,0,0.501219512195122,0.14634146341463414,0
65,63,98.66,2,3,0,1.5415625,0.046875,1
68,62,53.07,4,9,0,0.8423809523809523,0.14285714285714285,0
29,14,107.88,2,3,1,7.191999999999999,0.2,1
30,49,57.31,4,5,0,1.1462,0.1,0
19,7,76.51,2,2,1,9.56375,0.25,1
25,48,47.03,1,1,0,0.959795918367347,0.02040816326530612,0
46,25,36.06,4,4,1,1.386923076923077,0.15384615384615385,0
46,32,97.49,1,5,1,2.954242424242424,0.15151515151515152,1
37,51,69.66,2,8,1,1.3396153846153847,0.15384615384615385,1
34,31,69.43,4,3,0,2.1696875,0.09375,0
61,58,116.54,4,8,1,1.9752542372881357,0.13559322033898305,1
41,38,116.36,4,6,1,2.9835897435897434,0.15384615384615385,1
60,71,105.56,2,0,0,1.4661111111111111,0.0,1
68,46,38.76,4,7,0,0.8246808510638297,0.14893617021276595,0
34,22,79.43,2,5,0,3.4534782608695656,0.21739130434782608,1
28,56,107.81,3,3,1,1.8914035087719299,0.05263157894736842,1
67,29,57.45,3,4,1,1.915,0.13333333333333333,0
51,38,30.11,1,3,0,0.772051282051282,0.07692307692307693,0
33,10,101.1,2,6,1,9.19090909090909,0.5454545454545454,1
50,9,68.18,2,5,1,6.8180000000000005,0.5,0
44,41,76.44,2,4,0,1.8199999999999998,0.09523809523809523,1
65,14,118.21,2,2,1,7.8806666666666665,0.13333333333333333,1
31,71,80.72,3,3,0,1.1211111111111112,0.041666666666666664,1
69,61,62.5,1,4,0,1.0080645161290323,0.06451612903225806,0
66,50,57.0,1,4,0,1.1176470588235294,0.0784313725490196,0
27,53,61.76,4,3,0,1.1437037037037037,0.05555555555555555,0
26,43,31.84,2,5,0,0.7236363636363636,0.11363636363636363,0
45,5,99.48,3,2,1,16.580000000000002,0.3333333333333333,1
20,28,103.77,3,5,1,3.578275862068965,0.1724137931034483,1
33,36,48.44,3,1,0,1.3091891891891891,0.02702702702702703,0
40,65,50.38,2,4,0,0.7633333333333334,0.06060606060606061,0
68,16,107.43,2,7,1,6.319411764705883,0.4117647058823529,1
69,36,22.4,4,8,1,0.6054054054054053,0.21621621621621623,0
25,25,72.05,4,6,1,2.771153846153846,0.23076923076923078,1
64,10,66.37,2,7,1,6.033636363636364,0.6363636363636364,0
22,8,89.01,3,0,0,9.89,0.0,1
56,26,36.34,4,3,0,1.345925925925926,0.1111111111111111,0
61,6,86.83,1,6,1,12.404285714285715,0.8571428571428571,1
64,5,57.67,4,8,1,9.611666666666666,1.3333333333333333,0
29,25,81.87,2,5,1,3.148846153846154,0.19230769230769232,1
64,15,24.01,4,8,1,1.500625,0.5,0
24,40,66.17,3,2,0,1.6139024390243903,0.04878048780487805,0
44,2,72.23,4,1,0,24.076666666666668,0.3333333333333333,1
42,22,41.43,1,0,0,1.8013043478260868,0.0,0
34,33,33.96,1,5,0,0.9988235294117648,0.14705882352941177,0
19,69,38.85,4,6,0,0.555,0.08571428571428572,0
58,46,54.41,3,2,0,1.157659574468085,0.0425531914893617,0
35,63,29.68,3,7,0,0.46375,0.109375,0
52,25,114.73,1,7,1,4.412692307692308,0.2692307692307692,1
39,32,60.5,1,3,0,1.8333333333333333,0.09090909090909091,0
37,30,100.9,4,2,0,3.2548387096774194,0.06451612903225806,1
64,64,117.44,2,7,1,1.8067692307692307,0.1076923076923077,1
22,69,28.07,3,6,0,0.401,0.08571428571428572,0
56,69,69.43,2,1,0,0.991857142857143,0.014285714285714285,0
56,54,107.14,2,2,0,1.948,0.03636363636363636,1
37,36,83.42,1,4,1,2.2545945945945944,0.10810810810810811,1
31,39,62.9,4,5,0,1.5725,0.125,0
18,70,63.11,4,1,0,0.8888732394366197,0.014084507042253521,0
66,21,23.59,1,9,1,1.0722727272727273,0.4090909090909091,0
67,25,73.46,2,3,0,2.825384615384615,0.11538461538461539,1
30,64,119.35,3,3,1,1.836153846153846,0.046153846153846156,1
19,28,115.87,2,0,1,3.9955172413793103,0.0,1
24,17,24.04,3,8,1,1.3355555555555556,0.4444444444444444,0
21,40,90.58,2,2,0,2.2092682926829266,0.04878048780487805,1
61,24,50.18,1,9,1,2.0072,0.36,0
64,64,110.3,2,4,1,1.696923076923077,0.06153846153846154,1
25,65,24.51,3,8,0,0.3713636363636364,0.12121212121212122,0
56,22,113.59,1,1,0,4.938695652173913,0.043478260869565216,1
27,38,103.75,4,1,1,2.66025641025641,0.02564102564102564,1
37,70,31.75,1,8,0,0.4471830985915493,0.11267605633802817,0
49,53,69.43,1,8,1,1.2857407407407409,0.14814814814814814,0
55,16,103.47,3,5,1,6.086470588235294,0.29411764705882354,1
63,42,35.58,3,0,0,0.8274418604651163,0.0,0
20,45,73.49,2,9,1,1.5976086956521738,0.1956521739130435,1
28,47,111.57,2,3,1,2.324375,0.0625,1
32,2,76.74,1,9,1,25.58,3.0,1
34,22,59.72,3,8,1,2.5965217391304347,0.34782608695652173,0
69,61,64.5,2,8,1,1.0403225806451613,0.12903225806451613,0
58,18,26.31,1,6,1,1.384736842105263,0.3157894736842105,0
34,22,116.88,2,6,1,5.081739130434783,0.2608695652173913,1
68,23,51.07,4,5,0,2.1279166666666667,0.20833333333333334,0
43,13,38.94,2,0,0,2.781428571428571,0.0,0
44,12,48.6,4,3,0,3.7384615384615385,0.23076923076923078,0
40,25,116.44,2,7,1,4.478461538461539,0.2692307692307692,1
25,63,29.43,1,8,0,0.45984375,0.125,0
66,1,106.73,2,5,1,53.365,2.5,1
18,21,90.78,2,7,1,4.126363636363636,0.3181818181818182,1
27,5,103.0,1,0,1,17.166666666666668,0.0,1
29,40,117.59,3,4,1,2.868048780487805,0.0975609756097561,1
32,18,104.22,2,5,1,5.485263157894737,0.2631578947368421,1
24,57,114.34,3,8,1,1.9713793103448276,0.13793103448275862,1
18,42,32.69,2,3,0,0.7602325581395348,0.06976744186046512,0
53,56,99.58,2,2,1,1.7470175438596491,0.03508771929824561,1
68,46,74.57,2,3,0,1.586595744680851,0.06382978723404255,1
24,32,74.35,1,1,0,2.253030303030303,0.030303030303030304,1
33,62,109.89,3,5,0,1.7442857142857142,0.07936507936507936,1
44,34,117.18,1,6,1,3.3480000000000003,0.17142857142857143,1
66,68,90.48,3,8,1,1.311304347826087,0.11594202898550725,1
54,71,68.29,4,9,0,0.9484722222222223,0.125,0
57,42,65.64,4,0,0,1.5265116279069768,0.0,0
48,48,58.63,2,2,0,1.196530612244898,0.04081632653061224,0
39,19,56.16,2,3,0,2.808,0.15,0
28,58,59.15,4,2,0,1.0025423728813558,0.03389830508474576,0
62,48,28.98,2,8,0,0.5914285714285714,0.16326530612244897,0
59,65,27.74,2,1,0,0.4203030303030303,0.015151515151515152,0
19,19,97.99,4,0,0,4.8995,0.0,1
55,56,64.61,4,8,0,1.1335087719298245,0.14035087719298245,0
22,34,113.07,4,9,1,3.2305714285714284,0.2571428571428571,1
56,14,81.22,1,2,1,5.414666666666666,0.13333333333333333,1
60,13,23.52,4,3,0,1.68,0.21428571428571427,0
24,40,35.75,1,5,0,0.8719512195121951,0.12195121951219512,0
40,23,40.58,3,5,1,1.6908333333333332,0.20833333333333334,0
24,8,117.57,4,9,1,13.063333333333333,1.0,1
47,31,41.87,3,4,1,1.3084375,0.125,0
66,47,71.58,4,0,0,1.49125,0.0,1
22,23,69.43,2,4,0,2.892916666666667,0.16666666666666666,0
38,68,117.72,2,5,1,1.7060869565217391,0.07246376811594203,1
68,56,43.64,2,5,0,0.7656140350877193,0.08771929824561403,0
33,37,24.91,2,5,0,0.6555263157894737,0.13157894736842105,0
24,67,35.36,3,9,1,0.52,0.1323529411764706,0
43,31,26.33,2,8,1,0.8228125,0.25,0
44,10,39.51,3,2,0,3.591818181818182,0.18181818181818182,0
52,3,76.86,2,3,1,19.215,0.75,1
34,67,111.24,2,6,1,1.6358823529411763,0.08823529411764706,1
67,69,73.72,1,4,0,1.0531428571428572,0.05714285714285714,1
45,53,82.6,3,4,0,1.5296296296296295,0.07407407407407407,1
32,8,40.19,4,1,0,4.4655555555555555,0.1111111111111111,0
67,21,100.06,4,2,1,4.548181818181818,0.09090909090909091,1
66,3,81.78,2,7,1,20.445,1.75,1
43,4,69.43,2,8,1,13.886000000000001,1.6,0
19,18,114.88,3,7,1,6.046315789473684,0.3684210526315789,1
49,41,54.79,3,3,0,1.3045238095238094,0.07142857142857142,0
46,5,29.06,1,1,0,4.843333333333333,0.16666666666666666,0
25,70,42.59,3,1,0,0.5998591549295775,0.014084507042253521,0
50,33,63.78,1,3,0,1.8758823529411766,0.08823529411764706,0
61,19,69.43,1,5,0,3.4715000000000003,0.25,0
23,37,57.83,3,8,1,1.5218421052631579,0.21052631578947367,0
55,57,97.08,1,8,1,1.6737931034482758,0.13793103448275862,1
25,23,74.05,2,0,0,3.0854166666666667,0.0,1
56,4,69.43,3,7,1,13.886000000000001,1.4,0
39,4,52.07,3,2,1,10.414,0.4,0
18,61,85.32,2,1,0,1.3761290322580644,0.016129032258064516,1
68,8,87.29,1,5,1,9.69888888888889,0.5555555555555556,1
26,46,63.48,4,0,0,1.3506382978723404,0.0,0
48,28,42.86,4,3,0,1.4779310344827585,0.10344827586206896,0
27,56,92.19,4,5,1,1.6173684210526316,0.08771929824561403,1
66,5,36.89,3,2,0,6.148333333333333,0.3333333333333333,0
56,64,113.67,2,5,1,1.7487692307692309,0.07692307692307693,1
59,50,38.79,4,4,0,0.7605882352941177,0.0784313725490196,0
40,32,30.73,2,7,1,0.9312121212121213,0.21212121212121213,0
42,15,69.76,1,1,0,4.36,0.0625,1
50,70,71.95,4,0,0,1.013380281690141,0.0,1
58,22,70.82,2,5,1,3.0791304347826083,0.21739130434782608,1
62,35,63.67,4,2,0,1.7686111111111111,0.05555555555555555,0
18,28,119.48,2,7,1,4.12,0.2413793103448276,1
52,17,68.63,4,0,0,3.8127777777777774,0.0,0
23,30,67.79,3,5,1,2.1867741935483873,0.16129032258064516,0
32,11,62.18,2,9,1,5.181666666666667,0.75,0
61,1,26.68,2,0,0,13.34,0.0,0
31,21,79.3,4,3,1,3.6045454545454545,0.13636363636363635,1
59,8,42.8,1,8,1,4.7555555555555555,0.8888888888888888,0
42,30,83.76,2,5,1,2.701935483870968,0.16129032258064516,1
30,62,25.08,2,1,0,0.39809523809523806,0.015873015873015872,0
35,12,118.14,3,2,1,9.087692307692308,0.15384615384615385,1
45,1,66.9,2,7,1,33.45,3.5,0
57,8,109.68,3,8,1,12.186666666666667,0.8888888888888888,1
49,37,67.56,2,3,0,1.7778947368421054,0.07894736842105263,0
66,20,26.03,1,4,0,1.2395238095238095,0.19047619047619047,0
63,35,69.43,1,7,1,1.9286111111111113,0.19444444444444445,0
57,3,84.82,3,1,1,21.205,0.25,1
49,24,98.18,2,2,0,3.9272000000000005,0.08,1
33,30,62.82,2,7,1,2.0264516129032257,0.22580645161290322,0
39,31,83.79,3,1,0,2.6184375,0.03125,1
24,40,105.62,2,7,1,2.57609756097561,0.17073170731707318,1
37,56,83.11,2,4,0,1.4580701754385965,0.07017543859649122,1
66,34,54.77,1,9,1,1.564857142857143,0.2571428571428571,0
40,60,86.25,2,0,0,1.4139344262295082,0.0,1
23,38,87.19,3,9,1,2.2356410256410255,0.23076923076923078,1
51,19,116.06,3,2,1,5.803,0.1,1
68,17,69.43,4,0,0,3.8572222222222226,0.0,0
63,23,62.51,4,7,1,2.6045833333333333,0.2916666666666667,0
32,43,101.21,1,5,1,2.300227272727273,0.11363636363636363,1
41,18,70.58,2,8,1,3.714736842105263,0.42105263157894735,1
45,65,93.66,2,1,0,1.419090909090909,0.015151515151515152,1
30,35,65.97,3,0,0,1.8325,0.0,0
31,62,41.55,2,5,0,0.6595238095238095,0.07936507936507936,0
30,49,94.52,4,8,1,1.8903999999999999,0.16,1
69,24,33.12,2,4,0,1.3248,0.16,0
56,17,39.86,3,7,1,2.214444444444444,0.3888888888888889,0
61,53,82.68,1,9,1,1.5311111111111113,0.16666666666666666,1
60,24,94.73,4,8,1,3.7892,0.32,1
67,18,109.47,4,5,1,5.761578947368421,0.2631578947368421,1
23,67,47.26,4,6,0,0.695,0.08823529411764706,0
63,35,31.07,2,5,0,0.8630555555555556,0.1388888888888889,0
21,4,115.6,1,6,1,23.119999999999997,1.2,1
42,36,35.44,3,5,0,0.9578378378378378,0.13513513513513514,0
48,33,39.77,2,5,0,1.1697058823529414,0.14705882352941177,0
36,62,49.13,4,4,0,0.7798412698412699,0.06349206349206349,0
25,51,72.94,3,6,1,1.4026923076923077,0.11538461538461539,1
27,14,108.28,3,7,1,7.218666666666667,0.4666666666666667,1
60,11,96.05,4,9,1,8.004166666666666,0.75,1
34,43,90.82,4,6,1,2.064090909090909,0.13636363636363635,1
34,4,37.52,2,1,0,7.5040000000000004,0.2,0
66,23,55.77,1,5,1,2.32375,0.20833333333333334,0
25,10,67.84,1,3,1,6.167272727272728,0.2727272727272727,0
65,2,34.74,2,0,0,11.58,0.0,0
65,66,47.34,3,0,0,0.7065671641791045,0.0,0
49,7,50.83,1,5,1,6.35375,0.625,0
26,1,69.43,1,9,1,34.715,4.5,0
26,67,75.02,3,5,0,1.103235294117647,0.07352941176470588,1
32,14,90.5,4,4,1,6.033333333333333,0.26666666666666666,1
48,58,26.99,1,0,0,0.457457627118644,0.0,0
25,3,68.11,3,6,1,17.0275,1.5,0
41,11,98.22,1,0,1,8.185,0.0,1
24,8,94.8,3,8,1,10.533333333333333,0.8888888888888888,1
46,51,101.51,4,8,1,1.9521153846153847,0.15384615384615385,1
19,45,64.82,4,9,1,1.4091304347826086,0.1956521739130435,0
54,34,102.06,3,2,0,2.916,0.05714285714285714,1
20,18,44.08,3,1,0,2.32,0.05263157894736842,0
28,7,56.08,4,2,1,7.01,0.25,0
27,41,37.64,3,7,0,0.8961904761904762,0.16666666666666666,0
61,17,66.75,2,2,0,3.7083333333333335,0.1111111111111111,0
20,42,59.21,4,8,1,1.3769767441860465,0.18604651162790697,0
40,49,44.09,3,1,0,0.8818,0.02,0
48,61,95.18,4,0,0,1.5351612903225809,0.0,1
44,36,51.38,3,2,0,1.3886486486486487,0.05405405405405406,0
53,1,47.28,4,7,1,23.64,3.5,0
59,20,33.09,1,6,0,1.5757142857142858,0.2857142857142857,0
38,61,63.88,1,3,0,1.0303225806451612,0.04838709677419355,0
61,38,50.3,1,6,0,1.2897435897435896,0.15384615384615385,0
34,44,56.93,3,6,1,1.265111111111111,0.13333333333333333,0
69,33,43.6,3,5,0,1.2823529411764707,0.14705882352941177,0
44,12,96.32,1,5,1,7.409230769230769,0.38461538461538464,1
56,64,113.0,1,1,0,1.7384615384615385,0.015384615384615385,1
63,55,69.79,4,2,0,1.24625,0.03571428571428571,1
59,71,84.3,4,5,0,1.1708333333333334,0.06944444444444445,1
62,61,106.72,3,1,0,1.721290322580645,0.016129032258064516,1
45,21,119.88,2,4,1,5.449090909090909,0.18181818181818182,1
20,19,81.35,2,1,0,4.0675,0.05,1
43,18,108.98,1,7,1,5.7357894736842105,0.3684210526315789,1
27,66,110.86,1,1,0,1.6546268656716419,0.014925373134328358,1
64,40,99.15,4,0,0,2.4182926829268294,0.0,1
30,33,66.09,2,6,1,1.9438235294117647,0.17647058823529413,0
29,69,28.12,3,2,0,0.40171428571428575,0.02857142857142857,0
30,43,21.58,3,3,0,0.4904545454545454,0.06818181818181818,0
51,65,67.72,2,3,0,1.0260606060606061,0.045454545454545456,0
47,70,69.43,1,2,0,0.9778873239436621,0.028169014084507043,0
67,6,60.74,3,7,1,8.677142857142858,1.0,0
39,26,76.82,1,6,1,2.845185185185185,0.2222222222222222,1
32,53,75.22,2,2,0,1.392962962962963,0.037037037037037035,1
20,58,103.66,4,6,1,1.7569491525423728,0.1016949152542373,1
18,11,30.87,3,7,1,2.5725000000000002,0.5833333333333334,0
37,23,42.52,4,5,0,1.7716666666666667,0.20833333333333334,0
66,39,99.3,1,5,1,2.4825,0.125,1
45,57,104.78,1,9,1,1.806551724137931,0.15517241379310345,1
64,9,119.48,2,4,1,11.948,0.4,1
23,43,107.29,2,3,0,2.438409090909091,0.06818181818181818,1
22,22,108.99,1,5,1,4.738695652173913,0.21739130434782608,1
61,16,51.43,4,8,1,3.025294117647059,0.47058823529411764,0
23,37,60.17,1,7,1,1.583421052631579,0.18421052631578946,0
20,30,46.81,3,0,0,1.51,0.0,0
39,46,80.63,3,4,1,1.715531914893617,0.0851063829787234,1
66,23,113.88,3,7,1,4.745,0.2916666666666667,1
53,59,54.46,1,2,0,0.9076666666666667,0.03333333333333333,0
23,6,75.7,2,9,1,10.814285714285715,1.2857142857142858,1
61,62,49.63,3,8,1,0.7877777777777778,0.12698412698412698,0
61,3,36.98,2,8,1,9.245,2.0,0
59,53,39.52,3,0,0,0.7318518518518519,0.0,0
64,25,25.79,1,5,0,0.9919230769230769,0.19230769230769232,0
30,28,114.93,1,5,1,3.9631034482758625,0.1724137931034483,1
68,2,60.29,3,6,1,20.096666666666668,2.0,0
34,50,103.41,3,8,1,2.027647058823529,0.1568627450980392,1
59,12,88.13,1,3,1,6.779230769230769,0.23076923076923078,1
48,47,39.19,4,5,0,0.8164583333333333,0.10416666666666667,0
58,52,37.55,1,6,0,0.7084905660377357,0.11320754716981132,0
50,61,101.2,4,7,1,1.632258064516129,0.11290322580645161,1
51,51,46.47,3,7,0,0.8936538461538461,0.1346153846153846,0
50,22,111.33,4,3,1,4.840434782608695,0.13043478260869565,1
58,53,34.01,4,9,1,0.6298148148148148,0.16666666666666666,0
56,59,87.77,2,0,0,1.4628333333333332,0.0,1
24,23,101.45,4,4,1,4.227083333333334,0.16666666666666666,1
60,9,43.53,1,6,1,4.353,0.6,0
45,64,69.43,2,0,0,1.0681538461538462,0.0,0
34,11,116.45,1,4,1,9.704166666666667,0.3333333333333333,1
44,43,46.46,2,5,0,1.055909090909091,0.11363636363636363,0
68,17,63.0,4,6,1,3.5,0.3333333333333333,0
62,9,63.25,2,1,1,6.325,0.1,0
61,56,45.3,1,2,0,0.7947368421052631,0.03508771929824561,0
42,11,97.58,2,2,1,8.131666666666666,0.16666666666666666,1
58,48,97.18,4,6,1,1.9832653061224492,0.12244897959183673,1
38,50,57.83,3,3,0,1.1339215686274509,0.058823529411764705,0
53,5,103.51,3,5,1,17.25166666666667,0.8333333333333334,1
51,13,41.31,2,7,1,2.950714285714286,0.5,0
30,57,20.43,2,7,0,0.3522413793103448,0.1206896551724138,0
31,37,77.12,3,1,0,2.0294736842105263,0.02631578947368421,1
21,9,119.41,3,9,1,11.940999999999999,0.9,1
25,71,23.86,4,1,0,0.3313888888888889,0.013888888888888888,0
40,19,40.8,3,0,0,2.04,0.0,0
42,1,71.89,4,0,1,35.945,0.0,1
26,66,100.99,4,2,0,1.5073134328358209,0.029850746268656716,1
39,2,28.9,1,8,1,9.633333333333333,2.6666666666666665,0
49,40,59.52,2,2,0,1.451707317073171,0.04878048780487805,0
30,71,94.71,2,6,1,1.3154166666666667,0.08333333333333333,1
35,42,57.15,1,4,1,1.3290697674418603,0.09302325581395349,0
37,42,38.88,1,0,0,0.9041860465116279,0.0,0
44,28,39.55,4,4,0,1.3637931034482758,0.13793103448275862,0
37,10,61.0,2,0,0,5.545454545454546,0.0,0
56,41,67.94,1,4,0,1.6176190476190475,0.09523809523809523,0
35,64,106.18,2,5,1,1.6335384615384616,0.07692307692307693,1
40,7,84.23,2,5,1,10.52875,0.625,1
37,63,89.04,1,2,0,1.39125,0.03125,1
27,30,118.3,1,7,1,3.8161290322580643,0.22580645161290322,1
53,39,61.18,4,5,0,1.5295,0.125,0
30,12,60.34,4,2,0,4.641538461538461,0.15384615384615385,0
33,45,112.33,2,4,1,2.4419565217391304,0.08695652173913043,1
59,13,44.59,3,1,0,3.185,0.07142857142857142,0
67,20,92.98,4,9,1,4.427619047619048,0.42857142857142855,1
52,52,95.46,4,7,1,1.801132075471698,0.1320754716981132,1
65,4,29.78,1,2,0,5.956,0.4,0
62,32,66.82,4,6,1,2.0248484848484845,0.18181818181818182,0
43,43,40.06,1,6,0,0.9104545454545455,0.13636363636363635,0
58,10,38.54,1,6,1,3.5036363636363634,0.5454545454545454,0
35,21,66.38,2,0,1,3.017272727272727,0.0,0
41,25,48.94,3,8,1,1.8823076923076922,0.3076923076923077,0
45,48,99.61,1,9,1,2.032857142857143,0.1836734693877551,1
67,70,110.76,2,9,1,1.56,0.1267605633802817,1
62,60,100.27,2,9,1,1.6437704918032787,0.14754098360655737,1
43,14,46.6,2,9,1,3.106666666666667,0.6,0
51,2,47.41,4,7,1,15.803333333333333,2.3333333333333335,0
28,4,45.47,2,0,0,9.094,0.0,0
59,43,33.5,1,4,0,0.7613636363636364,0.09090909090909091,0
46,12,114.38,1,2,1,8.798461538461538,0.15384615384615385,1
45,17,60.2,1,2,1,3.3444444444444446,0.1111111111111111,0
57,61,42.47,1,8,1,0.6849999999999999,0.12903225806451613,0
50,63,104.67,3,8,1,1.63546875,0.125,1
21,60,59.92,2,5,0,0.9822950819672132,0.08196721311475409,0
32,19,23.51,2,7,0,1.1755,0.35,0
27,44,36.19,4,1,0,0.8042222222222222,0.022222222222222223,0
56,44,83.93,3,2,1,1.8651111111111112,0.044444444444444446,1
19,14,98.29,1,8,1,6.552666666666667,0.5333333333333333,1
28,40,41.09,2,4,0,1.0021951219512195,0.0975609756097561,0
49,38,111.74,2,5,1,2.865128205128205,0.1282051282051282,1
54,29,105.1,4,4,1,3.503333333333333,0.13333333333333333,1
44,54,104.84,2,2,1,1.9061818181818182,0.03636363636363636,1
62,49,42.77,1,8,0,0.8554,0.16,0
65,38,25.05,3,7,1,0.6423076923076924,0.1794871794871795,0
24,52,106.74,2,6,1,2.013962264150943,0.11320754716981132,1
67,55,50.58,1,3,0,0.9032142857142856,0.05357142857142857,0
49,41,81.89,3,6,1,1.9497619047619048,0.14285714285714285,1
51,20,96.0,1,9,1,4.571428571428571,0.42857142857142855,1
22,54,32.83,4,6,0,0.5969090909090908,0.10909090909090909,0
50,51,98.08,4,4,1,1.886153846153846,0.07692307692307693,1
55,70,113.85,2,2,0,1.6035211267605634,0.028169014084507043,1
48,11,92.84,3,5,1,7.736666666666667,0.4166666666666667,1
22,30,64.12,3,3,0,2.0683870967741935,0.0967741935483871,0
45,66,107.67,3,6,0,1.6070149253731343,0.08955223880597014,1
66,37,72.75,1,0,0,1.9144736842105263,0.0,1
55,67,94.48,2,1,0,1.3894117647058823,0.014705882352941176,1
25,1,102.05,1,7,1,51.025,3.5,1
67,3,94.94,3,3,1,23.735,0.75,1
67,57,48.79,1,4,0,0.8412068965517241,0.06896551724137931,0
26,26,31.78,3,5,1,1.177037037037037,0.18518518518518517,0
59,37,43.83,3,4,0,1.153421052631579,0.10526315789473684,0
39,31,70.29,4,7,1,2.1965625,0.21875,1
48,29,70.53,2,2,0,2.351,0.06666666666666667,1
41,67,78.26,1,7,1,1.1508823529411765,0.10294117647058823,1
58,7,59.51,3,2,1,7.43875,0.25,0
69,55,98.69,1,3,0,1.7623214285714286,0.05357142857142857,1
59,64,111.32,1,5,0,1.7126153846153844,0.07692307692307693,1
66,47,44.67,4,8,1,0.930625,0.16666666666666666,0
67,29,93.65,4,2,1,3.121666666666667,0.06666666666666667,1
22,12,87.8,3,5,1,6.753846153846154,0.38461538461538464,1
31,49,72.31,4,0,0,1.4462000000000002,0.0,1
55,34,38.85,1,0,0,1.11,0.0,0
48,11,99.52,1,7,1,8.293333333333333,0.5833333333333334,1
20,26,69.43,2,7,1,2.5714814814814817,0.25925925925925924,0
22,69,92.18,1,3,0,1.316857142857143,0.04285714285714286,1
45,19,111.79,4,6,1,5.5895,0.3,1
50,13,118.42,1,3,1,8.458571428571428,0.21428571428571427,1
26,49,55.21,3,2,0,1.1042,0.04,0
26,15,83.82,4,4,1,5.23875,0.25,1
24,66,67.39,3,3,0,1.005820895522388,0.04477611940298507,0
47,61,118.66,1,8,1,1.9138709677419354,0.12903225806451613,1
18,70,29.38,2,4,0,0.4138028169014084,0.056338028169014086,0
47,65,61.24,3,3,0,0.9278787878787879,0.045454545454545456,0
42,18,107.55,4,5,1,5.660526315789474,0.2631578947368421,1
42,16,48.41,2,7,1,2.8476470588235294,0.4117647058823529,0
53,25,98.78,2,2,1,3.7992307692307694,0.07692307692307693,1
45,34,58.28,4,9,1,1.6651428571428573,0.2571428571428571,0
55,63,118.0,4,4,1,1.84375,0.0625,1
57,53,108.35,2,6,1,2.0064814814814813,0.1111111111111111,1
65,46,50.13,1,9,1,1.0665957446808512,0.19148936170212766,0
59,63,97.02,3,4,0,1.5159375,0.0625,1
44,46,53.69,4,1,0,1.142340425531915,0.02127659574468085,0
43,27,80.64,4,7,1,2.88,0.25,1
30,30,85.85,2,0,0,2.769354838709677,0.0,1
49,37,102.96,1,4,1,2.709473684210526,0.10526315789473684,1
25,7,22.45,3,9,1,2.80625,1.125,0
66,53,42.02,4,4,0,0.7781481481481483,0.07407407407407407,0
61,47,91.19,4,6,1,1.8997916666666665,0.125,1
24,52,76.35,1,5,1,1.440566037735849,0.09433962264150944,1
58,38,69.56,2,2,0,1.7835897435897436,0.05128205128205128,1
24,56,25.52,2,3,0,0.447719298245614,0.05263157894736842,0
55,68,54.83,1,5,0,0.7946376811594202,0.07246376811594203,0
22,41,106.51,4,1,0,2.535952380952381,0.023809523809523808,1
43,32,23.09,1,4,0,0.6996969696969697,0.12121212121212122,0
52,8,59.64,3,4,1,6.626666666666667,0.4444444444444444,0
55,56,114.51,4,8,1,2.008947368421053,0.14035087719298245,1
39,65,25.09,3,1,0,0.38015151515151513,0.015151515151515152,0
65,50,94.97,4,8,1,1.862156862745098,0.1568627450980392,1
58,62,45.76,2,4,0,0.7263492063492063,0.06349206349206349,0
28,62,106.66,4,6,1,1.6930158730158729,0.09523809523809523,1
52,57,94.61,2,5,1,1.6312068965517241,0.08620689655172414,1
55,36,108.57,1,2,1,2.934324324324324,0.05405405405405406,1
35,8,41.59,2,9,1,4.621111111111111,1.0,0
56,1,73.13,2,2,0,36.565,1.0,1
64,15,97.93,3,0,1,6.120625,0.0,1
60,31,44.57,2,7,0,1.3928125,0.21875,0
57,53,43.07,2,6,0,0.7975925925925926,0.1111111111111111,0
50,33,22.72,2,8,1,0.668235294117647,0.23529411764705882,0
32,2,115.85,2,4,1,38.61666666666667,1.3333333333333333,1
59,15,91.0,3,0,0,5.6875,0.0,1
36,70,83.56,2,0,0,1.1769014084507043,0.0,1
45,71,94.4,4,4,0,1.3111111111111111,0.05555555555555555,1
34,27,73.16,2,2,0,2.6128571428571425,0.07142857142857142,1
34,58,67.61,4,9,1,1.1459322033898305,0.15254237288135594,0
26,52,64.95,2,1,0,1.2254716981132077,0.018867924528301886,0
67,67,84.04,1,8,1,1.2358823529411767,0.11764705882352941,1
25,64,40.15,1,2,0,0.6176923076923077,0.03076923076923077,0
22,45,108.81,4,1,0,2.3654347826086957,0.021739130434782608,1
66,29,101.18,4,2,1,3.372666666666667,0.06666666666666667,1
46,45,54.96,1,1,0,1.1947826086956521,0.021739130434782608,0
40,23,77.86,3,4,1,3.2441666666666666,0.16666666666666666,1
56,25,34.1,3,3,0,1.3115384615384615,0.11538461538461539,0
37,44,117.23,1,5,1,2.6051111111111114,0.1111111111111111,1
24,41,110.29,2,5,1,2.625952380952381,0.11904761904761904,1
55,42,112.19,3,0,1,2.6090697674418606,0.0,1
27,28,53.22,4,1,0,1.8351724137931034,0.034482758620689655,0
46,30,36.91,4,1,0,1.1906451612903224,0.03225806451612903,0
67,1,41.18,1,1,1,20.59,0.5,0
66,43,29.0,1,0,0,0.6590909090909091,0.0,0
36,41,32.01,2,3,0,0.7621428571428571,0.07142857142857142,0
58,67,27.13,1,5,0,0.3989705882352941,0.07352941176470588,0
49,36,118.98,3,3,1,3.215675675675676,0.08108108108108109,1
42,34,27.41,1,3,0,0.7831428571428571,0.08571428571428572,0
25,5,33.25,1,4,0,5.541666666666667,0.6666666666666666,0
37,14,102.73,1,5,1,6.848666666666667,0.3333333333333333,1
51,25,78.02,2,3,1,3.0007692307692304,0.11538461538461539,1
69,27,97.44,4,2,1,3.48,0.07142857142857142,1
18,26,83.09,1,4,0,3.0774074074074074,0.14814814814814814,1
55,28,108.22,4,0,0,3.7317241379310344,0.0,1
62,55,83.85,2,4,0,1.4973214285714285,0.07142857142857142,1
67,10,72.21,1,9,1,6.564545454545454,0.8181818181818182,1
40,24,91.27,2,3,1,3.6508,0.12,1
24,12,64.74,3,1,0,4.9799999999999995,0.07692307692307693,0
32,22,54.61,1,7,1,2.3743478260869564,0.30434782608695654,0
62,49,66.77,1,1,0,1.3354,0.02,0
63,4,36.97,4,1,0,7.394,0.2,0
51,25,99.66,3,1,1,3.833076923076923,0.038461538461538464,1
24,2,46.07,2,8,1,15.356666666666667,2.6666666666666665,0
24,68,35.35,4,9,0,0.5123188405797101,0.13043478260869565,0
42,52,44.64,4,5,1,0.8422641509433962,0.09433962264150944,0
48,18,104.21,2,6,1,5.484736842105263,0.3157894736842105,1
19,15,53.02,3,6,1,3.31375,0.375,0
53,8,88.6,1,6,1,9.844444444444443,0.6666666666666666,1
46,34,105.64,2,5,1,3.0182857142857142,0.14285714285714285,1
18,54,27.77,3,9,1,0.5049090909090909,0.16363636363636364,0
22,42,96.5,1,7,1,2.244186046511628,0.16279069767441862,1
41,63,50.77,4,0,0,0.79328125,0.0,0
55,25,69.43,4,3,0,2.6703846153846156,0.11538461538461539,0
60,20,88.89,2,9,1,4.232857142857143,0.42857142857142855,1
40,34,110.98,2,4,1,3.170857142857143,0.11428571428571428,1
33,15,49.5,1,2,0,3.09375,0.125,0
68,70,76.88,3,8,0,1.0828169014084505,0.11267605633802817,1
41,14,48.98,1,6,1,3.265333333333333,0.4,0
34,34,75.43,2,5,1,2.1551428571428572,0.14285714285714285,1
41,38,82.19,3,4,1,2.1074358974358973,0.10256410256410256,1
18,5,69.43,3,1,0,11.571666666666667,0.16666666666666666,0
33,34,82.35,3,3,0,2.3528571428571428,0.08571428571428572,1
44,33,33.51,1,4,0,0.9855882352941175,0.11764705882352941,0
65,19,89.35,4,9,1,4.467499999999999,0.45,1
56,10,69.43,3,3,1,6.311818181818182,0.2727272727272727,0
58,4,88.26,4,1,1,17.652,0.2,1
46,1,27.41,2,4,0,13.705,2.0,0
23,35,64.68,4,9,1,1.7966666666666669,0.25,0
38,7,60.9,2,4,1,7.6125,0.5,0
69,69,28.67,4,3,0,0.4095714285714286,0.04285714285714286,0
20,18,42.24,1,6,1,2.223157894736842,0.3157894736842105,0
63,47,64.1,1,6,1,1.3354166666666665,0.125,0
53,48,94.29,3,2,0,1.9242857142857144,0.04081632653061224,1
32,36,43.71,3,9,1,1.1813513513513514,0.24324324324324326,0
58,63,102.97,3,5,1,1.60890625,0.078125,1
61,8,74.58,2,0,0,8.286666666666667,0.0,1
20,17,96.04,4,4,1,5.335555555555556,0.2222222222222222,1
23,18,67.26,2,9,1,3.5400000000000005,0.47368421052631576,0
52,10,69.92,3,3,1,6.356363636363636,0.2727272727272727,1
69,21,81.97,4,5,1,3.725909090909091,0.22727272727272727,1
19,23,112.8,3,6,1,4.7,0.25,1
52,55,69.18,3,7,0,1.235357142857143,0.125,0
25,22,72.87,4,8,1,3.1682608695652177,0.34782608695652173,1
51,63,80.2,4,1,0,1.253125,0.015625,1
50,55,93.75,2,5,1,1.6741071428571428,0.08928571428571429,1
22,65,27.19,2,5,0,0.411969696969697,0.07575757575757576,0
53,8,71.57,1,1,0,7.952222222222222,0.1111111111111111,1
64,70,68.16,3,6,0,0.96,0.08450704225352113,0
62,44,112.17,4,1,1,2.4926666666666666,0.022222222222222223,1
19,70,69.35,2,4,0,0.9767605633802816,0.056338028169014086,0
30,26,66.83,2,3,1,2.475185185185185,0.1111111111111111,0
30,68,116.22,1,1,0,1.6843478260869564,0.014492753623188406,1
41,42,65.06,2,8,1,1.5130232558139536,0.18604651162790697,0
25,6,38.09,1,2,0,5.441428571428572,0.2857142857142857,0
62,30,41.69,4,2,0,1.3448387096774193,0.06451612903225806,0
58,10,29.52,3,8,1,2.6836363636363636,0.7272727272727273,0
60,67,20.06,1,8,0,0.295,0.11764705882352941,0
28,22,63.19,1,0,0,2.747391304347826,0.0,0
18,16,96.92,4,2,0,5.701176470588235,0.11764705882352941,1
65,40,93.35,4,7,1,2.276829268292683,0.17073170731707318,1
33,31,23.21,4,7,1,0.7253125,0.21875,0
52,7,77.0,1,9,1,9.625,1.125,1
65,58,35.43,1,5,0,0.6005084745762712,0.0847457627118644,0
19,61,114.11,1,0,0,1.840483870967742,0.0,1
18,53,36.74,4,8,0,0.6803703703703704,0.14814814814814814,0
18,44,82.66,4,1,0,1.8368888888888888,0.022222222222222223,1
26,29,52.62,4,1,0,1.754,0.03333333333333333,0
20,39,84.16,1,6,1,2.104,0.15,1
60,37,61.23,1,6,0,1.611315789473684,0.15789473684210525,0
49,12,95.96,4,0,1,7.381538461538461,0.0,1
68,6,43.07,4,1,0,6.152857142857143,0.14285714285714285,0
59,18,110.58,3,5,1,5.82,0.2631578947368421,1
68,33,70.02,1,2,1,2.059411764705882,0.058823529411764705,1
30,12,95.61,1,6,1,7.354615384615385,0.46153846153846156,1
32,8,104.97,1,4,1,11.663333333333334,0.4444444444444444,1
62,61,119.88,3,5,1,1.933548387096774,0.08064516129032258,1
30,27,42.39,4,4,0,1.5139285714285715,0.14285714285714285,0
20,42,48.69,3,3,0,1.1323255813953488,0.06976744186046512,0
52,38,45.04,2,3,0,1.1548717948717948,0.07692307692307693,0
59,53,46.29,4,6,0,0.8572222222222222,0.1111111111111111,0
68,53,78.24,1,5,0,1.448888888888889,0.09259259259259259,1
66,22,69.43,4,5,1,3.0186956521739132,0.21739130434782608,0
24,61,119.03,4,5,1,1.9198387096774194,0.08064516129032258,1
58,27,72.68,3,2,1,2.595714285714286,0.07142857142857142,1
61,60,83.9,4,9,1,1.3754098360655738,0.14754098360655737,1
54,29,106.0,3,5,1,3.533333333333333,0.16666666666666666,1
60,8,113.29,2,7,1,12.587777777777779,0.7777777777777778,1
61,54,40.39,2,8,0,0.7343636363636363,0.14545454545454545,0
41,3,72.85,4,9,1,18.2125,2.25,1
20,55,103.28,3,6,1,1.8442857142857143,0.10714285714285714,1
41,4,50.32,1,7,1,10.064,1.4,0
28,15,63.98,4,4,0,3.99875,0.25,0
23,43,118.56,1,7,1,2.694545454545455,0.1590909090909091,1
24,67,118.5,3,3,1,1.7426470588235294,0.04411764705882353,1
54,30,110.61,1,7,1,3.568064516129032,0.22580645161290322,1
44,9,99.84,3,0,1,9.984,0.0,1
46,17,69.43,2,9,1,3.8572222222222226,0.5,0
56,64,52.09,2,2,0,0.8013846153846155,0.03076923076923077,0
46,52,69.43,3,6,0,1.31,0.11320754716981132,0
50,8,76.08,4,0,0,8.453333333333333,0.0,1
22,28,70.55,2,1,0,2.432758620689655,0.034482758620689655,1
62,19,83.67,4,9,1,4.1835,0.45,1
41,13,60.83,2,8,1,4.345,0.5714285714285714,0
26,61,94.92,1,2,0,1.530967741935484,0.03225806451612903,1
60,44,53.35,1,1,0,1.1855555555555557,0.022222222222222223,0
56,13,53.07,1,8,1,3.790714285714286,0.5714285714285714,0
20,47,32.72,3,9,0,0.6816666666666666,0.1875,0
28,30,38.87,3,1,0,1.2538709677419353,0.03225806451612903,0
18,5,105.05,2,6,1,17.508333333333333,1.0,1
32,32,64.63,2,2,1,1.9584848484848483,0.06060606060606061,0
23,14,42.79,4,7,1,2.8526666666666665,0.4666666666666667,0
54,18,95.93,3,4,1,5.048947368421053,0.21052631578947367,1
45,63,75.4,1,1,0,1.178125,0.015625,1
68,51,22.12,1,3,0,0.4253846153846154,0.057692307692307696,0
56,10,51.64,2,5,1,4.694545454545454,0.45454545454545453,0
49,61,37.7,2,7,0,0.6080645161290323,0.11290322580645161,0
44,41,85.59,4,0,0,2.037857142857143,0.0,1
20,63,47.5,3,9,1,0.7421875,0.140625,0
21,54,26.49,4,6,0,0.4816363636363636,0.10909090909090909,0
50,25,25.49,3,8,1,0.9803846153846153,0.3076923076923077,0
18,38,78.17,2,9,1,2.0043589743589743,0.23076923076923078,1
20,38,22.17,3,1,0,0.5684615384615385,0.02564102564102564,0
29,52,104.88,3,0,0,1.9788679245283018,0.0,1
63,18,35.54,3,7,1,1.8705263157894736,0.3684210526315789,0
41,24,80.66,1,1,1,3.2264,0.04,1
54,18,64.47,3,1,0,3.393157894736842,0.05263157894736842,0
39,22,64.29,2,4,1,2.795217391304348,0.17391304347826086,0
27,12,27.18,4,9,1,2.0907692307692307,0.6923076923076923,0
37,3,100.28,4,7,1,25.07,1.75,1
22,67,109.31,3,5,0,1.6075,0.07352941176470588,1
58,6,21.1,4,1,0,3.0142857142857147,0.14285714285714285,0
27,64,37.86,3,3,0,0.5824615384615385,0.046153846153846156,0
37,1,110.39,1,6,1,55.195,3.0,1
68,56,74.95,3,1,0,1.3149122807017544,0.017543859649122806,1
48,24,35.0,4,5,0,1.4,0.2,0
41,37,40.28,1,0,0,1.06,0.0,0
46,21,86.0,1,3,1,3.909090909090909,0.13636363636363635,1
58,35,92.48,2,2,1,2.568888888888889,0.05555555555555555,1
31,33,79.94,4,6,1,2.351176470588235,0.17647058823529413,1
51,38,115.31,3,9,1,2.9566666666666666,0.23076923076923078,1
63,28,69.41,4,1,0,2.393448275862069,0.034482758620689655,0
47,39,50.03,4,7,0,1.25075,0.175,0
41,59,67.72,3,6,0,1.1286666666666667,0.1,0
25,31,55.97,3,9,1,1.7490625,0.28125,0
30,26,42.44,2,9,1,1.5718518518518518,0.3333333333333333,0
67,10,24.6,1,1,0,2.2363636363636363,0.09090909090909091,0
46,26,55.22,2,7,1,2.045185185185185,0.25925925925925924,0
33,9,91.14,3,5,1,9.114,0.5,1
39,13,21.84,1,1,0,1.56,0.07142857142857142,0
48,68,63.92,1,2,0,0.9263768115942029,0.028985507246376812,0
45,7,84.4,1,9,1,10.55,1.125,1
54,35,81.04,3,5,1,2.2511111111111113,0.1388888888888889,1
31,60,97.66,4,3,1,1.600983606557377,0.04918032786885246,1
51,68,101.05,4,3,0,1.4644927536231884,0.043478260869565216,1
41,11,91.17,2,8,1,7.5975,0.6666666666666666,1
66,12,30.28,3,2,0,2.329230769230769,0.15384615384615385,0
26,27,67.5,4,1,0,2.4107142857142856,0.03571428571428571,0
25,40,80.34,3,5,1,1.9595121951219514,0.12195121951219512,1
42,69,44.56,2,9,1,0.6365714285714286,0.12857142857142856,0
44,15,24.26,2,1,0,1.51625,0.0625,0
53,12,42.36,3,2,1,3.2584615384615385,0.15384615384615385,0
39,18,65.49,2,4,0,3.4468421052631575,0.21052631578947367,0
65,63,61.39,4,1,0,0.95921875,0.015625,0
42,3,37.67,4,6,1,9.4175,1.5,0
24,27,102.44,1,2,1,3.6585714285714284,0.07142857142857142,1
24,9,112.57,3,1,1,11.257,0.1,1
68,12,40.13,2,2,0,3.0869230769230773,0.15384615384615385,0
24,66,112.96,3,9,1,1.6859701492537313,0.13432835820895522,1
67,1,21.79,2,9,1,10.895,4.5,0
32,23,112.5,2,5,1,4.6875,0.20833333333333334,1
22,65,115.19,2,4,0,1.7453030303030304,0.06060606060606061,1
33,44,21.21,1,8,1,0.4713333333333333,0.17777777777777778,0
49,6,96.3,4,1,1,13.757142857142856,0.14285714285714285,1
40,34,117.02,1,6,1,3.3434285714285714,0.17142857142857143,1
58,69,110.59,2,6,1,1.5798571428571428,0.08571428571428572,1
49,29,117.07,1,7,1,3.902333333333333,0.23333333333333334,1
38,38,75.03,1,2,1,1.923846153846154,0.05128205128205128,1
51,38,27.82,2,7,0,0.7133333333333334,0.1794871794871795,0
68,47,104.98,4,6,1,2.1870833333333333,0.125,1
39,14,81.38,4,8,1,5.425333333333333,0.5333333333333333,1
25,60,81.47,2,1,0,1.3355737704918034,0.01639344262295082,1
39,71,61.73,3,6,0,0.857361111111111,0.08333333333333333,0
61,11,77.18,4,8,1,6.4316666666666675,0.6666666666666666,1
29,59,35.36,1,2,0,0.5893333333333334,0.03333333333333333,0
67,59,93.98,4,7,1,1.5663333333333334,0.11666666666666667,1
48,53,27.5,1,0,0,0.5092592592592593,0.0,0
49,27,92.98,1,7,1,3.3207142857142857,0.25,1
34,34,104.9,2,6,1,2.9971428571428573,0.17142857142857143,1
65,60,67.25,1,1,0,1.1024590163934427,0.01639344262295082,0
19,11,70.98,4,0,0,5.915,0.0,1
33,59,51.22,4,7,0,0.8536666666666667,0.11666666666666667,0
39,66,116.95,2,2,0,1.7455223880597015,0.029850746268656716,1
42,49,93.31,4,4,0,1.8662,0.08,1
42,25,56.9,4,0,0,2.1884615384615382,0.0,0
25,40,37.48,4,9,1,0.9141463414634146,0.21951219512195122,0
29,4,41.96,4,5,1,8.392,1.0,0
22,67,66.39,3,9,1,0.9763235294117647,0.1323529411764706,0
47,25,114.26,1,1,0,4.394615384615385,0.038461538461538464,1
36,5,93.41,4,2,1,15.568333333333333,0.3333333333333333,1
47,57,41.52,3,6,1,0.7158620689655173,0.10344827586206896,0
48,47,105.96,4,6,1,2.2075,0.125,1
54,45,57.82,4,7,0,1.2569565217391305,0.15217391304347827,0
46,4,105.17,1,9,1,21.034,1.8,1
51,54,44.17,2,8,0,0.8030909090909091,0.14545454545454545,0
48,46,81.87,1,1,0,1.7419148936170215,0.02127659574468085,1
51,57,112.67,1,3,0,1.9425862068965518,0.05172413793103448,1
50,59,45.79,4,9,1,0.7631666666666667,0.15,0
34,16,89.29,4,5,1,5.252352941176471,0.29411764705882354,1
30,15,118.73,4,8,1,7.420625,0.5,1
58,66,35.06,4,5,0,0.5232835820895523,0.07462686567164178,0
35,38,28.84,3,0,0,0.7394871794871795,0.0,0
46,32,87.42,3,4,1,2.649090909090909,0.12121212121212122,1
28,21,53.97,4,8,1,2.453181818181818,0.36363636363636365,0
40,46,27.12,3,6,0,0.5770212765957446,0.1276595744680851,0
45,54,67.53,3,1,0,1.227818181818182,0.01818181818181818,0
50,1,69.43,1,2,0,34.715,1.0,0
45,40,48.51,3,8,0,1.183170731707317,0.1951219512195122,0
36,71,53.5,4,9,1,0.7430555555555556,0.125,0
68,20,104.57,3,7,1,4.979523809523809,0.3333333333333333,1
44,20,72.01,2,0,0,3.429047619047619,0.0,1
